{"is_source_file": true, "format": "JavaScript (React JSX)", "description": "This file defines a React component 'TaskItem' that renders a single task with functionalities to toggle completion, edit title inline, and delete. It manages editing state, focus, and input handling to support user interactions within a to-do list application.", "external_files": ["react"], "external_methods": ["useEffect", "useRef", "useState"], "published": ["TaskItem"], "classes": [], "methods": [{"name": "startEdit()", "description": "Sets the component into editing mode unless disabled.", "scope": "TaskItem", "scopeKind": "function"}, {"name": "cancelEdit()", "description": "Reverts draft title, exits editing mode, and refocuses the title button.", "scope": "TaskItem", "scopeKind": "function"}, {"name": "commitEdit()", "description": "Saves the new title if non-empty and different from the old, otherwise reverts. Exits editing mode afterward.", "scope": "TaskItem", "scopeKind": "function"}, {"name": "handleEditKeyDown(e)", "description": "Handles key events ('Enter' to save, 'Escape' to cancel) during editing.", "scope": "TaskItem", "scopeKind": "function"}, {"name": "TaskItem({ task, onToggle, onDelete, onRename, disabled, })", "scope": "", "scopeKind": "", "description": "unavailable"}], "calls": ["onRename", "onToggle", "onDelete"], "search-terms": ["TaskItem", "React", "useRef", "useState", "inline editing", "task list item", "task component", "checkbox toggle", "edit task title"], "state": 2, "file_id": 19, "knowledge_revision": 39, "git_revision": "", "ctags": [{"_type": "tag", "name": "TaskItem", "path": "/home/kavia/workspace/code-generation/simple-to-do-list-210410-210419/todo_frontend/src/components/TaskItem.jsx", "pattern": "/^export default function TaskItem({$/", "language": "JavaScript", "kind": "function", "signature": "({ task, onToggle, onDelete, onRename, disabled, })"}, {"_type": "tag", "name": "cancelEdit", "path": "/home/kavia/workspace/code-generation/simple-to-do-list-210410-210419/todo_frontend/src/components/TaskItem.jsx", "pattern": "/^  function cancelEdit() {$/", "language": "JavaScript", "kind": "function", "signature": "()", "scope": "TaskItem", "scopeKind": "function"}, {"_type": "tag", "name": "commitEdit", "path": "/home/kavia/workspace/code-generation/simple-to-do-list-210410-210419/todo_frontend/src/components/TaskItem.jsx", "pattern": "/^  async function commitEdit() {$/", "language": "JavaScript", "kind": "function", "signature": "()", "scope": "TaskItem", "scopeKind": "function"}, {"_type": "tag", "name": "disabled", "path": "/home/kavia/workspace/code-generation/simple-to-do-list-210410-210419/todo_frontend/src/components/TaskItem.jsx", "pattern": "/^          disabled={disabled}$/", "language": "JavaScript", "kind": "field", "scope": "TaskItem.disabled", "scopeKind": "class"}, {"_type": "tag", "name": "disabled", "path": "/home/kavia/workspace/code-generation/simple-to-do-list-210410-210419/todo_frontend/src/components/TaskItem.jsx", "pattern": "/^        disabled={disabled}$/", "language": "JavaScript", "kind": "field", "scope": "TaskItem.disabled", "scopeKind": "class"}, {"_type": "tag", "name": "handleEditKeyDown", "path": "/home/kavia/workspace/code-generation/simple-to-do-list-210410-210419/todo_frontend/src/components/TaskItem.jsx", "pattern": "/^  async function handleEditKeyDown(e) {$/", "language": "JavaScript", "kind": "function", "signature": "(e)", "scope": "TaskItem", "scopeKind": "function"}, {"_type": "tag", "name": "startEdit", "path": "/home/kavia/workspace/code-generation/simple-to-do-list-210410-210419/todo_frontend/src/components/TaskItem.jsx", "pattern": "/^  function startEdit() {$/", "language": "JavaScript", "kind": "function", "signature": "()", "scope": "TaskItem", "scopeKind": "function"}, {"_type": "tag", "name": "task", "path": "/home/kavia/workspace/code-generation/simple-to-do-list-210410-210419/todo_frontend/src/components/TaskItem.jsx", "pattern": "/^        aria-label={task.completed ? \"Mark task incomplete\" : \"Mark task complete\"}$/", "language": "JavaScript", "kind": "field", "scope": "TaskItem.aria", "scopeKind": "class"}], "hash": "1ae60ff1e0a6a820feadab8c8eff4fac", "format-version": 4, "code-base-name": "todo_frontend", "filename": "todo_frontend/src/components/TaskItem.jsx", "fields": [{"name": "disabled={disabled}", "scope": "TaskItem.disabled", "scopeKind": "class", "description": "unavailable"}, {"name": "aria-label={task.completed ? \"Mark task incomplete\" : \"Mark task complete\"}", "scope": "TaskItem.aria", "scopeKind": "class", "description": "unavailable"}], "revision_history": [{"39": ""}]}