{"is_source_file": true, "format": "JavaScript (React JSX)", "description": "This file defines a React functional component named 'TaskInput' that provides an input form for adding new tasks to a to-do list application. It manages input state, handles form submission, and manages focus behavior for accessibility and user experience.", "external_files": ["react"], "external_methods": ["useEffect", "useRef", "useState"], "published": [], "classes": [], "methods": [{"name": "TaskInput({ onAdd, disabled })", "description": "React functional component for task input form, including handling of input focus, form submission, and validation.", "scope": "", "scopeKind": ""}, {"name": "handleSubmit(e)", "description": "Handles form submission, prevents default event, trims input, calls 'onAdd' callback, and manages input focus.", "scope": "TaskInput", "scopeKind": "function"}], "calls": ["React.useEffect", "React.useRef", "React.useState", "onAdd"], "search-terms": ["TaskInput", "React component", "task input form", "add task", "useRef focus", "task submission"], "state": 2, "file_id": 17, "knowledge_revision": 36, "git_revision": "", "ctags": [{"_type": "tag", "name": "TaskInput", "path": "/home/kavia/workspace/code-generation/simple-to-do-list-210410-210419/todo_frontend/src/components/TaskInput.jsx", "pattern": "/^export default function TaskInput({ onAdd, disabled }) {$/", "language": "JavaScript", "kind": "function", "signature": "({ onAdd, disabled })"}, {"_type": "tag", "name": "disabled", "path": "/home/kavia/workspace/code-generation/simple-to-do-list-210410-210419/todo_frontend/src/components/TaskInput.jsx", "pattern": "/^        disabled={disabled}$/", "language": "JavaScript", "kind": "field", "scope": "TaskInput.disabled", "scopeKind": "class"}, {"_type": "tag", "name": "handleSubmit", "path": "/home/kavia/workspace/code-generation/simple-to-do-list-210410-210419/todo_frontend/src/components/TaskInput.jsx", "pattern": "/^  async function handleSubmit(e) {$/", "language": "JavaScript", "kind": "function", "signature": "(e)", "scope": "TaskInput", "scopeKind": "function"}, {"_type": "tag", "name": "inputRef", "path": "/home/kavia/workspace/code-generation/simple-to-do-list-210410-210419/todo_frontend/src/components/TaskInput.jsx", "pattern": "/^        ref={inputRef}$/", "language": "JavaScript", "kind": "field", "scope": "TaskInput.ref", "scopeKind": "class"}, {"_type": "tag", "name": "title", "path": "/home/kavia/workspace/code-generation/simple-to-do-list-210410-210419/todo_frontend/src/components/TaskInput.jsx", "pattern": "/^        value={title}$/", "language": "JavaScript", "kind": "field", "scope": "TaskInput.value", "scopeKind": "class"}], "hash": "3dbecf3d85f4f473a0b117fab68a8198", "format-version": 4, "code-base-name": "todo_frontend", "filename": "todo_frontend/src/components/TaskInput.jsx", "fields": [{"name": "disabled={disabled}", "scope": "TaskInput.disabled", "scopeKind": "class", "description": "unavailable"}, {"name": "ref={inputRef}", "scope": "TaskInput.ref", "scopeKind": "class", "description": "unavailable"}, {"name": "value={title}", "scope": "TaskInput.value", "scopeKind": "class", "description": "unavailable"}], "revision_history": [{"36": ""}]}