{"is_source_file": true, "format": "JavaScript", "description": "This file provides a configuration helper function to determine the backend API base URL based on environment variables for a React frontend project.", "external_files": [], "external_methods": [], "published": ["getApiBaseUrl"], "classes": [], "methods": [{"name": "getApiBaseUrl()", "description": "Returns the backend API base URL by resolving environment variables REACT_APP_API_BASE or REACT_APP_BACKEND_URL, with whitespace trimming and trailing slash removal.", "scope": "", "scopeKind": ""}], "calls": ["process.env.REACT_APP_API_BASE", "process.env.REACT_APP_BACKEND_URL", "base.replace"], "search-terms": ["config helper", "environment variables", "REACT_APP_API_BASE", "REACT_APP_BACKEND_URL", "URL resolution"], "state": 2, "file_id": 21, "knowledge_revision": 48, "git_revision": "", "ctags": [{"_type": "tag", "name": "getApiBaseUrl", "path": "/home/kavia/workspace/code-generation/simple-to-do-list-210410-210419/todo_frontend/src/config.js", "pattern": "/^export function getApiBaseUrl() {$/", "language": "JavaScript", "kind": "function", "signature": "()"}], "hash": "58e84aab625e2880064dad66fda18712", "format-version": 4, "code-base-name": "todo_frontend", "filename": "todo_frontend/src/config.js", "revision_history": [{"48": ""}]}