{"is_source_file": true, "format": "JavaScript (React JSX)", "description": "This file defines the main React component 'App' for a to-do list application, managing tasks, filters, loading state, and user interactions.", "external_files": ["./components/Header", "./components/TaskInput", "./components/Filters", "./components/TaskList", "./services/api", "./retro.css"], "external_methods": ["tasksApi.list", "tasksApi.create", "tasksApi.update", "tasksApi.remove"], "published": ["App"], "classes": [], "methods": [{"name": "loadTasks", "description": "Fetches the list of tasks from the API and updates the state."}, {"name": "markBusy(id, isBusy)", "description": "Marks a task as busy or not busy during async operations.", "scope": "App", "scopeKind": "function"}, {"name": "handleAdd(title)", "description": "Handles addition of a new task via API call.", "scope": "App", "scopeKind": "function"}, {"name": "handleToggle(task)", "description": "Toggles a task's completed state via API call.", "scope": "App", "scopeKind": "function"}, {"name": "handleRename(task, title)", "description": "Renames a task via API call.", "scope": "App", "scopeKind": "function"}, {"name": "handleDelete(task)", "description": "Deletes a task via API call.", "scope": "App", "scopeKind": "function"}, {"name": "App()", "scope": "", "scopeKind": "", "description": "unavailable"}], "calls": ["tasksApi.list()", "tasksApi.create(title)", "tasksApi.update(task.id, {...})", "tasksApi.remove(task.id)"], "search-terms": ["React", "Tasks", "To-Do List", "useState", "useEffect", "useCallback", "useMemo", "taskApi", "task management", "filter", "loading state"], "state": 2, "file_id": 2, "knowledge_revision": 43, "git_revision": "172e14c8d787b810cc5152372a6f3c606e84aa3e", "revision_history": [{"25": "172e14c8d787b810cc5152372a6f3c606e84aa3e"}, {"43": "172e14c8d787b810cc5152372a6f3c606e84aa3e"}], "ctags": [{"_type": "tag", "name": "App", "path": "/home/kavia/workspace/code-generation/simple-to-do-list-210410-210419/todo_frontend/src/App.js", "pattern": "/^function App() {$/", "language": "JavaScript", "kind": "function", "signature": "()"}, {"_type": "tag", "name": "filter", "path": "/home/kavia/workspace/code-generation/simple-to-do-list-210410-210419/todo_frontend/src/App.js", "pattern": "/^              value={filter}$/", "language": "JavaScript", "kind": "field", "scope": "App.value", "scopeKind": "class"}, {"_type": "tag", "name": "filteredTasks", "path": "/home/kavia/workspace/code-generation/simple-to-do-list-210410-210419/todo_frontend/src/App.js", "pattern": "/^            tasks={filteredTasks}$/", "language": "JavaScript", "kind": "field", "scope": "App.tasks", "scopeKind": "class"}, {"_type": "tag", "name": "globalDisabled", "path": "/home/kavia/workspace/code-generation/simple-to-do-list-210410-210419/todo_frontend/src/App.js", "pattern": "/^              disabled={globalDisabled}$/", "language": "JavaScript", "kind": "field", "scope": "App.disabled", "scopeKind": "class"}, {"_type": "tag", "name": "globalDisabled", "path": "/home/kavia/workspace/code-generation/simple-to-do-list-210410-210419/todo_frontend/src/App.js", "pattern": "/^            disabled={globalDisabled || anyTaskBusy}$/", "language": "JavaScript", "kind": "field", "scope": "App.disabled", "scopeKind": "class"}, {"_type": "tag", "name": "handleAdd", "path": "/home/kavia/workspace/code-generation/simple-to-do-list-210410-210419/todo_frontend/src/App.js", "pattern": "/^  async function handleAdd(title) {$/", "language": "JavaScript", "kind": "function", "signature": "(title)", "scope": "App", "scopeKind": "function"}, {"_type": "tag", "name": "handleDelete", "path": "/home/kavia/workspace/code-generation/simple-to-do-list-210410-210419/todo_frontend/src/App.js", "pattern": "/^  async function handleDelete(task) {$/", "language": "JavaScript", "kind": "function", "signature": "(task)", "scope": "App", "scopeKind": "function"}, {"_type": "tag", "name": "handleRename", "path": "/home/kavia/workspace/code-generation/simple-to-do-list-210410-210419/todo_frontend/src/App.js", "pattern": "/^  async function handleRename(task, title) {$/", "language": "JavaScript", "kind": "function", "signature": "(task, title)", "scope": "App", "scopeKind": "function"}, {"_type": "tag", "name": "handleToggle", "path": "/home/kavia/workspace/code-generation/simple-to-do-list-210410-210419/todo_frontend/src/App.js", "pattern": "/^  async function handleToggle(task) {$/", "language": "JavaScript", "kind": "function", "signature": "(task)", "scope": "App", "scopeKind": "function"}, {"_type": "tag", "name": "markBusy", "path": "/home/kavia/workspace/code-generation/simple-to-do-list-210410-210419/todo_frontend/src/App.js", "pattern": "/^  function markBusy(id, isBusy) {$/", "language": "JavaScript", "kind": "function", "signature": "(id, isBusy)", "scope": "App", "scopeKind": "function"}, {"_type": "tag", "name": "setFilter", "path": "/home/kavia/workspace/code-generation/simple-to-do-list-210410-210419/todo_frontend/src/App.js", "pattern": "/^              onChange={setFilter}$/", "language": "JavaScript", "kind": "field", "scope": "App.onChange", "scopeKind": "class"}], "hash": "7d631d8dbdb8438acc7906bf85ecf519", "format-version": 4, "code-base-name": "todo_frontend", "filename": "todo_frontend/src/App.js", "fields": [{"name": "value={filter}", "scope": "App.value", "scopeKind": "class", "description": "unavailable"}, {"name": "tasks={filteredTasks}", "scope": "App.tasks", "scopeKind": "class", "description": "unavailable"}, {"name": "disabled={globalDisabled}", "scope": "App.disabled", "scopeKind": "class", "description": "unavailable"}, {"name": "disabled={globalDisabled || anyTaskBusy}", "scope": "App.disabled", "scopeKind": "class", "description": "unavailable"}, {"name": "onChange={setFilter}", "scope": "App.onChange", "scopeKind": "class", "description": "unavailable"}]}