{"is_source_file": false, "format": "", "description": "", "external_files": [], "external_methods": [], "published": [], "classes": [], "methods": [], "calls": [], "search-terms": [], "state": 2, "file_id": 3, "knowledge_revision": 41, "git_revision": "172e14c8d787b810cc5152372a6f3c606e84aa3e", "hash": "c6ba0609c24b062d06bbe43f87383781", "format-version": 4, "code-base-name": "todo_frontend", "filename": "todo_frontend/src/index.css", "revision_history": [{"41": "172e14c8d787b810cc5152372a6f3c606e84aa3e"}]}