{"is_source_file": true, "format": "JavaScript", "description": "This file defines a JavaScript module that provides an API interface for task management, including functions to list, create, update, and remove tasks via HTTP requests, along with custom error handling.", "external_files": ["../config"], "external_methods": ["getApiBaseUrl"], "published": ["tasksApi"], "classes": [{"name": "ApiError", "description": "Custom error class for handling API related errors, extends the built-in Error class, including additional properties for status and details."}], "methods": [{"name": "parseJsonSafely(res)", "description": "Safely parses JSON from a fetch response, returning null if response is empty or raw text if JSON parsing fails.", "scope": "", "scopeKind": ""}, {"name": "request(path, options)", "description": "Performs a fetch request to a constructed URL with error handling and JSON response parsing.", "scope": "", "scopeKind": ""}, {"name": "buildUrl(path)", "scope": "", "scopeKind": "", "description": "unavailable"}, {"name": "constructor({ status, message, details })", "scope": "ApiError", "scopeKind": "class", "description": "unavailable"}, {"name": "create(title)", "scope": "tasksApi", "scopeKind": "class", "description": "unavailable"}, {"name": "list()", "scope": "tasksApi", "scopeKind": "class", "description": "unavailable"}, {"name": "remove(id)", "scope": "tasksApi", "scopeKind": "class", "description": "unavailable"}, {"name": "update(id, patch)", "scope": "tasksApi", "scopeKind": "class", "description": "unavailable"}], "calls": ["getApiBaseUrl()", "fetch()", "JSON.parse()", "res.text()"], "search-terms": ["tasksApi", "api.js", "buildUrl", "parseJsonSafely", "ApiError", "fetch", "request", "tasks"], "state": 2, "file_id": 22, "knowledge_revision": 50, "git_revision": "", "ctags": [{"_type": "tag", "name": "ApiError", "path": "/home/kavia/workspace/code-generation/simple-to-do-list-210410-210419/todo_frontend/src/services/api.js", "pattern": "/^class ApiError extends Error {$/", "language": "JavaScript", "kind": "class"}, {"_type": "tag", "name": "buildUrl", "path": "/home/kavia/workspace/code-generation/simple-to-do-list-210410-210419/todo_frontend/src/services/api.js", "pattern": "/^function buildUrl(path) {$/", "language": "JavaScript", "kind": "function", "signature": "(path)"}, {"_type": "tag", "name": "constructor", "path": "/home/kavia/workspace/code-generation/simple-to-do-list-210410-210419/todo_frontend/src/services/api.js", "pattern": "/^  constructor({ status, message, details }) {$/", "language": "JavaScript", "kind": "method", "signature": "({ status, message, details })", "scope": "ApiError", "scopeKind": "class"}, {"_type": "tag", "name": "create", "path": "/home/kavia/workspace/code-generation/simple-to-do-list-210410-210419/todo_frontend/src/services/api.js", "pattern": "/^  async create(title) {$/", "language": "JavaScript", "kind": "method", "signature": "(title)", "scope": "tasksApi", "scopeKind": "class"}, {"_type": "tag", "name": "list", "path": "/home/kavia/workspace/code-generation/simple-to-do-list-210410-210419/todo_frontend/src/services/api.js", "pattern": "/^  async list() {$/", "language": "JavaScript", "kind": "method", "signature": "()", "scope": "tasksApi", "scopeKind": "class"}, {"_type": "tag", "name": "parseJsonSafely", "path": "/home/kavia/workspace/code-generation/simple-to-do-list-210410-210419/todo_frontend/src/services/api.js", "pattern": "/^async function parseJsonSafely(res) {$/", "language": "JavaScript", "kind": "function", "signature": "(res)"}, {"_type": "tag", "name": "remove", "path": "/home/kavia/workspace/code-generation/simple-to-do-list-210410-210419/todo_frontend/src/services/api.js", "pattern": "/^  async remove(id) {$/", "language": "JavaScript", "kind": "method", "signature": "(id)", "scope": "tasksApi", "scopeKind": "class"}, {"_type": "tag", "name": "request", "path": "/home/kavia/workspace/code-generation/simple-to-do-list-210410-210419/todo_frontend/src/services/api.js", "pattern": "/^async function request(path, options) {$/", "language": "JavaScript", "kind": "function", "signature": "(path, options)"}, {"_type": "tag", "name": "tasksApi", "path": "/home/kavia/workspace/code-generation/simple-to-do-list-210410-210419/todo_frontend/src/services/api.js", "pattern": "/^export const tasksApi = {$/", "language": "JavaScript", "kind": "class"}, {"_type": "tag", "name": "update", "path": "/home/kavia/workspace/code-generation/simple-to-do-list-210410-210419/todo_frontend/src/services/api.js", "pattern": "/^  async update(id, patch) {$/", "language": "JavaScript", "kind": "method", "signature": "(id, patch)", "scope": "tasksApi", "scopeKind": "class"}], "hash": "320ba1ea1ee79beb9e77fec0ac2b2b59", "format-version": 4, "code-base-name": "todo_frontend", "filename": "todo_frontend/src/services/api.js", "revision_history": [{"50": ""}]}