{"is_source_file": false, "format": "", "description": "", "external_files": [], "external_methods": [], "published": [], "classes": [], "methods": [], "calls": [], "search-terms": [], "state": 2, "file_id": 10, "knowledge_revision": 19, "git_revision": "172e14c8d787b810cc5152372a6f3c606e84aa3e", "hash": "d9d975cebe2ec20b6c652e1e4c12ccf0", "format-version": 4, "code-base-name": "todo_frontend", "filename": "todo_frontend/public/manifest.json", "revision_history": [{"19": "172e14c8d787b810cc5152372a6f3c606e84aa3e"}]}