{"is_source_file": true, "format": "JavaScript (React JSX)", "description": "This file defines a React component 'Filters' for a to-do list application, including filter constants and a UI for selecting task filters.", "external_files": ["react"], "external_methods": [], "published": ["FILTERS", "default"], "classes": [], "methods": [{"name": "Filters({ value, onChange, disabled })", "description": "React functional component rendering filter buttons for task filtering.", "scope": "", "scopeKind": ""}], "calls": ["onChange(key)"], "search-terms": ["Filters", "FILTERS", "React", "task filters", "todo list component"], "state": 2, "file_id": 18, "knowledge_revision": 37, "git_revision": "", "ctags": [{"_type": "tag", "name": "FILTERS", "path": "/home/kavia/workspace/code-generation/simple-to-do-list-210410-210419/todo_frontend/src/components/Filters.jsx", "pattern": "/^export const FILTERS = {$/", "language": "JavaScript", "kind": "class"}, {"_type": "tag", "name": "Filters", "path": "/home/kavia/workspace/code-generation/simple-to-do-list-210410-210419/todo_frontend/src/components/Filters.jsx", "pattern": "/^export default function Filters({ value, onChange, disabled }) {$/", "language": "JavaScript", "kind": "function", "signature": "({ value, onChange, disabled })"}, {"_type": "tag", "name": "active", "path": "/home/kavia/workspace/code-generation/simple-to-do-list-210410-210419/todo_frontend/src/components/Filters.jsx", "pattern": "/^  active: \"Active\",$/", "language": "JavaScript", "kind": "property", "scope": "FILTERS", "scopeKind": "class"}, {"_type": "tag", "name": "all", "path": "/home/kavia/workspace/code-generation/simple-to-do-list-210410-210419/todo_frontend/src/components/Filters.jsx", "pattern": "/^  all: \"All\",$/", "language": "JavaScript", "kind": "property", "scope": "FILTERS", "scopeKind": "class"}, {"_type": "tag", "name": "completed", "path": "/home/kavia/workspace/code-generation/simple-to-do-list-210410-210419/todo_frontend/src/components/Filters.jsx", "pattern": "/^  completed: \"Completed\",$/", "language": "JavaScript", "kind": "property", "scope": "FILTERS", "scopeKind": "class"}], "hash": "fccf687b911899b17385931fbe7cccb5", "format-version": 4, "code-base-name": "todo_frontend", "filename": "todo_frontend/src/components/Filters.jsx", "fields": [{"name": "active: \"Active\",", "scope": "FILTERS", "scopeKind": "class", "description": "unavailable"}, {"name": "all: \"All\",", "scope": "FILTERS", "scopeKind": "class", "description": "unavailable"}, {"name": "completed: \"Completed\",", "scope": "FILTERS", "scopeKind": "class", "description": "unavailable"}], "revision_history": [{"37": ""}]}