{"is_source_file": true, "format": "JavaScript / JSX", "description": "React component named TaskList that renders a list of tasks or a placeholder when no tasks are present.", "external_files": ["./TaskItem"], "external_methods": [], "published": ["TaskList"], "classes": [], "methods": [{"name": "TaskList({ tasks, onToggle, onDelete, onRename, disabled, })", "description": "React functional component rendering a list of tasks or an informational message when no tasks are available.", "scope": "", "scopeKind": ""}], "calls": ["React", "TaskItem", "tasks.map"], "search-terms": ["React", "TaskList", "task rendering", "TaskItem", "todo list component", "JSX"], "state": 2, "file_id": 20, "knowledge_revision": 42, "git_revision": "", "ctags": [{"_type": "tag", "name": "TaskList", "path": "/home/kavia/workspace/code-generation/simple-to-do-list-210410-210419/todo_frontend/src/components/TaskList.jsx", "pattern": "/^export default function TaskList({$/", "language": "JavaScript", "kind": "function", "signature": "({ tasks, onToggle, onDelete, onRename, disabled, })"}], "hash": "962da39d457a72910cb3cff4c7c1f6a9", "format-version": 4, "code-base-name": "todo_frontend", "filename": "todo_frontend/src/components/TaskList.jsx", "revision_history": [{"42": ""}]}