{"is_source_file": true, "format": "JavaScript/JSX", "description": "A React functional component named Header that displays a header section with counters and backend status information for a to-do list application.", "external_files": ["../config"], "external_methods": ["getApiBaseUrl"], "published": [], "classes": [], "methods": [{"name": "Header({ totalCount, activeCount })", "description": "React functional component rendering the app header with counts and backend connection status.", "scope": "", "scopeKind": ""}], "calls": ["getApiBaseUrl()"], "search-terms": ["Header.jsx", "React", "Header", "to-do list header", "getApiBaseUrl", "backend status indicator"], "state": 2, "file_id": 16, "knowledge_revision": 33, "git_revision": "", "ctags": [{"_type": "tag", "name": "Header", "path": "/home/kavia/workspace/code-generation/simple-to-do-list-210410-210419/todo_frontend/src/components/Header.jsx", "pattern": "/^export default function Header({ totalCount, activeCount }) {$/", "language": "JavaScript", "kind": "function", "signature": "({ totalCount, activeCount })"}], "hash": "0bbb44bcc83d43c7a7a0f1929331a7e8", "format-version": 4, "code-base-name": "todo_frontend", "filename": "todo_frontend/src/components/Header.jsx", "revision_history": [{"33": ""}]}