{"is_source_file": false, "format": "", "description": "", "external_files": [], "external_methods": [], "published": [], "classes": [], "methods": [], "calls": [], "search-terms": [], "state": 2, "file_id": 5, "knowledge_revision": 45, "git_revision": "172e14c8d787b810cc5152372a6f3c606e84aa3e", "hash": "9aa677dcee14559207ccc217c635b6a8", "format-version": 4, "code-base-name": "todo_frontend", "filename": "todo_frontend/src/App.css", "revision_history": [{"45": "172e14c8d787b810cc5152372a6f3c606e84aa3e"}]}