{"is_source_file": true, "format": "JavaScript (React JSX)", "description": "This file is the main entry point for a React-based frontend application. It imports React libraries, stylesheet files, and the main App component, then renders the App component into the DOM.", "external_files": ["react", "react-dom/client", "./index.css", "./retro.css", "./App"], "external_methods": ["ReactDOM.createRoot", "root.render"], "published": ["default export of App component if applicable, but not directly exported here"], "classes": [], "methods": [{"name": "ReactDOM.createRoot", "description": "Creates a root to manage rendering of React components into the DOM."}, {"name": "root.render", "description": "Renders the React component tree into the specified DOM node."}], "calls": ["ReactDOM.createRoot", "root.render", "React.StrictMode", "<App />"], "search-terms": ["entry point", "ReactDOM", "React.StrictMode", "App component", "DOM rendering"], "state": 2, "file_id": 6, "knowledge_revision": 44, "git_revision": "172e14c8d787b810cc5152372a6f3c606e84aa3e", "revision_history": [{"24": "172e14c8d787b810cc5152372a6f3c606e84aa3e"}, {"44": "172e14c8d787b810cc5152372a6f3c606e84aa3e"}], "ctags": [{"_type": "tag", "name": "root", "path": "/home/kavia/workspace/code-generation/simple-to-do-list-210410-210419/todo_frontend/src/index.js", "pattern": "/^const root = ReactDOM.createRoot(document.getElementById('root'));$/", "language": "JavaScript", "kind": "constant"}], "hash": "dcd2a4e6c604154ebc01d4c015ac2edb", "format-version": 4, "code-base-name": "todo_frontend", "filename": "todo_frontend/src/index.js"}