{"is_source_file": true, "format": "TypeScript", "description": "This file provides a configuration helper function for environment-based settings, specifically to determine the backend API base URL based on environment variables.", "external_files": [], "external_methods": ["process.env"], "published": ["getApiBaseUrl"], "classes": [], "methods": [{"name": "export function getApiBaseUrl(): string { getApiBaseUrl", "description": "Returns the API base URL by resolving environment variables REACT_APP_API_BASE and REACT_APP_BACKEND_URL, trimming trailing slashes, and supporting empty values for flexible deployment.", "scope": "", "scopeKind": ""}], "calls": ["process.env.REACT_APP_API_BASE", "process.env.REACT_APP_BACKEND_URL"], "search-terms": ["getApiBaseUrl", "environment variables", "API base URL", "config", "React"], "state": 2, "file_id": 13, "knowledge_revision": 27, "git_revision": "", "ctags": [{"_type": "tag", "name": "base", "path": "/home/kavia/workspace/code-generation/simple-to-do-list-210410-210419/todo_frontend/src/config.ts", "pattern": "/^  const base =$/", "language": "TypeScript", "kind": "constant", "scope": "getApiBaseUrl", "scopeKind": "function"}, {"_type": "tag", "name": "getApiBaseUrl", "path": "/home/kavia/workspace/code-generation/simple-to-do-list-210410-210419/todo_frontend/src/config.ts", "pattern": "/^export function getApiBaseUrl(): string {$/", "language": "TypeScript", "kind": "function"}], "hash": "5674751695dbbc8422c082e77680f6f2", "format-version": 4, "code-base-name": "todo_frontend", "filename": "todo_frontend/src/config.ts", "revision_history": [{"27": ""}]}